{"cameraMode":{"drawMode":0,"name":"Shaded","section":"Shading Mode"},"sceneLighting":true,"audioPlay":false,"sceneViewState":{"showFog":true,"showMaterialUpdate":false,"showSkybox":true,"showFlares":true,"showImageEffects":true,"showParticleSystems":true},"in2DMode":false,"pivot":{"x":1.1011962890625,"y":-10.4755859375,"z":0.03414154052734375},"rotation":{"x":0.5268078446388245,"y":-0.4719375967979431,"z":0.5242870450019836,"w":0.4742067754268646},"size":8.66091537475586,"orthographic":true}