{"cameraMode":{"drawMode":0,"name":"Shaded","section":"Shading Mode"},"sceneLighting":true,"audioPlay":false,"sceneViewState":{"showFog":true,"showMaterialUpdate":false,"showSkybox":true,"showFlares":true,"showImageEffects":true,"showParticleSystems":true},"in2DMode":false,"pivot":{"x":3.903076171875,"y":-10.865234375,"z":28.836957931518556},"rotation":{"x":0.5268078446388245,"y":-0.4719375967979431,"z":0.5242870450019836,"w":0.4742067754268646},"size":587.1002807617188,"orthographic":true}