{"cameraMode":{"drawMode":0,"name":"Shaded","section":"Shading Mode"},"sceneLighting":false,"audioPlay":false,"sceneViewState":{"showFog":true,"showMaterialUpdate":false,"showSkybox":false,"showFlares":true,"showImageEffects":true,"showParticleSystems":true},"in2DMode":false,"pivot":{"x":0.0,"y":0.6724613904953003,"z":0.027246952056884767},"rotation":{"x":0.5268078446388245,"y":-0.4719375967979431,"z":0.5242870450019836,"w":0.4742067754268646},"size":4.666266918182373,"orthographic":true}