{"cameraMode":{"drawMode":0,"name":"Shaded","section":"Shading Mode"},"sceneLighting":false,"audioPlay":false,"sceneViewState":{"showFog":true,"showMaterialUpdate":false,"showSkybox":false,"showFlares":true,"showImageEffects":true,"showParticleSystems":true},"in2DMode":false,"pivot":{"x":-9.81229019165039,"y":-32.21119689941406,"z":-1.3361701965332032},"rotation":{"x":0.5268078446388245,"y":-0.4719375967979431,"z":0.5242870450019836,"w":0.4742067754268646},"size":238.9469451904297,"orthographic":true}